Morphospecies,Group,Specialist,Phylum,Subphylum,Class,Subclass,Superorder,Order,Suborder,Infraorder,Superfamily,Family,Subfamily,Genus,specific_epithet,subspecies,Notes
Guano,Guano,,,,,,,,,,,,,,,,
Ammonia,Nutrients,,,,,,,,,,,,,,,,
Nitrate,Nutrients,,,,,,,,,,,,,,,,
Phosphorus,Nutrients,,,,,,,,,,,,,,,,
Magnesium,Nutrients,,,,,,,,,,,,,,,,
Potassium,Nutrients,,,,,,,,,,,,,,,,
Sulphate,Nutrients,,,,,,,,,,,,,,,,
Calcium,Nutrients,,,,,,,,,,,,,,,,
Large_Woody_Detritus,Detritus,,,,,,,,,,,,,,,,
Medium_Woody_Detritus,Detritus,,,,,,,,,,,,,,,,
Leaf_Detritus,Detritus,,,,,,,,,,,,,,,,
Fruit_Detritus,Detritus,,,,,,,,,,,,,,,,
Pico_carcasses_Non-Living,Carrion,,,,,,,,,,,,,,,,
Nano_carcasses_Non-Living,Carrion,,,,,,,,,,,,,,,,
Micro_carcasses_Non-Living,Carrion,,,,,,,,,,,,,,,,
Meso_carcasses_Non-Living,Carrion,,,,,,,,,,,,,,,,
Macro_carcasses_Non-Living,Carrion,,,,,,,,,,,,,,,,
Mega_carcasses_Non-Living,Carrion,,,,,,,,,,,,,,,,
Cocos_nucifera,Tree,,,,,,,,,,,,,,,,
Tournefortia_argentea,Tree,,,,,,,,,,,,,,,,
Scaevola_sericea,Shrub,,,,,,,,,,,,,,,,
Terminalia_catappa,Tree,,,,,,,,,,,,,,,,
Pisonia_grandis,Tree,,,,,,,,,,,,,,,,
Hibiscus_tiliaceus,Tree,,,,,,,,,,,,,,,,
Pandanus_fisherianus,Tree,,,,,,,,,,,,,,,,
Phymatosorus_scolopendria,Tree,,,,,,,,,,,,,,,,
Barringtonia_asiatica,Tree,,,,,,,,,,,,,,,,
Guettarda_speciosa,Tree,,,,,,,,,,,,,,,,
Ochrosia_oppositifolia,Tree,,,,,,,,,,,,,,,,
Calophyllum_inophyllum,Tree,,,,,,,,,,,,,,,,
Triumfetta_procumbens,Vine,,,,,,,,,,,,,,,,
Coccoloba_uvifera,Tree,,,,,,,,,,,,,,,,
Cyperus_spp,Grass,,,,,,,,,,,,,,,,
Fimbristylis_atollensis,Grass,,,,,,,,,,,,,,,,
Lepturus_repens,Grass,,,,,,,,,,,,,,,,
Laportea_ruderalis,Herb,,,,,,,,,,,,,,,,
Asplenium_nidus,Fern,,,,,,,,,,,,,,,,
Neophrolepis_hirsutula,Fern,,,,,,,,,,,,,,,,
Cordia_subcordata,Tree,,,,,,,,,,,,,,,,
Premna_serratifolia,Tree,,,,,,,,,,,,,,,,
Pilea_microphylla,Herb,,,,,,,,,,,,,,,,
Epipremnum_aureun,Vine,,,,,,,,,,,,,,,,
Boerhavia_tetrandra,Herb,,,,,,,,,,,,,,,,
Spermacoce assurgens,Forb,,,,,,,,,,,,,,,,
Euphorbia_spp,Herb,,,,,,,,,,,,,,,,
Digittaria_spp,Grass,,,,,,,,,,,,,,,,
Pluchea_spp,Shrub,,,,,,,,,,,,,,,,
Hernandia_sonora,Tree,,,,,,,,,,,,,,,,
Portulaca_oleracea,Forb,,,,,,,,,,,,,,,,
Sporobolus_indicus,Grass,,,,,,,,,,,,,,,,
Paspalum_fimbriatum,Grass,,,,,,,,,,,,,,,,
Soil_Bacteria,Bacteria,,,,,,,,,,,,,,,,
Soil_Eukarya,Eukarya,,,,,,,,,,,,,,,,
Saprophytic_fungi,Fungi,,,,,,,,,,,,,,,,
Mycorrhizae,Fungi,,,,,,,,,,,,,,,,
Endophytic_fungi,Fungi,,,,,,,,,,,,,,,,
Amblyseius_sp_1,Acari,Heather_Proctor,Arthropoda,Chelicerata,Acari,,,,,,,,,,,,
Asca_sp_1,Acari,Heather_Proctor,Arthropoda,Chelicerata,Acari,,,,,,,,,,,,
Bdellidae_sp_1,Acari,Heather_Proctor,Arthropoda,Chelicerata,Acari,,,,,,,,,,,,
Brachypylina_sp_1,Acari,Heather_Proctor,Arthropoda,Chelicerata,Acari,,,,,,,,,,,,
Brachypylina_sp_2,Acari,Heather_Proctor,Arthropoda,Chelicerata,Acari,,,,,,,,,,,,
Brachypylina_sp_3,Acari,Heather_Proctor,Arthropoda,Chelicerata,Acari,,,,,,,,,,,,
Brachypylina_sp_4,Acari,Heather_Proctor,Arthropoda,Chelicerata,Acari,,,,,,,,,,,,
Carabodidae_maybe_sp_2,Acari,Heather_Proctor,Arthropoda,Chelicerata,Acari,,,,,,,,,,,,
Carabodidae_sp_1,Acari,Heather_Proctor,Arthropoda,Chelicerata,Acari,,,,,,,,,,,,
Cheyletidae_sp_1,Acari,Heather_Proctor,Arthropoda,Chelicerata,Acari,,,,,,,,,,,,
Erythracaridae_sp_1,Acari,Heather_Proctor,Arthropoda,Chelicerata,Acari,,,,,,,,,,,,
Eupodidae_sp_1,Acari,Heather_Proctor,Arthropoda,Chelicerata,Acari,,,,,,,,,,,,
Galumnidae_spp,Acari,Heather_Proctor,Arthropoda,Chelicerata,Acari,,,,,,,,,,,,
Hemileiidae_sp_1,Acari,Heather_Proctor,Arthropoda,Chelicerata,Acari,,,,,,,,,,,,
Lohmaniidae_sp_1,Acari,Heather_Proctor,Arthropoda,Chelicerata,Acari,,,,,,,,,,,,
Okiseius_sp_1,Acari,Heather_Proctor,Arthropoda,Chelicerata,Acari,,,,,,,,,,,,
Orbatida_sp_1,Acari,Heather_Proctor,Arthropoda,Chelicerata,Acari,,,,,,,,,,,,
Oribotritiidae_sp_1,Acari,Heather_Proctor,Arthropoda,Chelicerata,Acari,,,,,,,,,,,,
Oripodoidea_sp_1,Acari,Heather_Proctor,Arthropoda,Chelicerata,Acari,,,,,,,,,,,,
Oripodoidea_sp_2,Acari,Heather_Proctor,Arthropoda,Chelicerata,Acari,,,,,,,,,,,,
Phytoseiidae_sp_1,Acari,Heather_Proctor,Arthropoda,Chelicerata,Acari,,,,,,,,,,,,
Phytoseius_sp_1,Acari,Heather_Proctor,Arthropoda,Chelicerata,Acari,,,,,,,,,,,,
Scapheremaeus_sp_1,Acari,Heather_Proctor,Arthropoda,Chelicerata,Acari,,,,,,,,,,,,
Scapheremaeus_sp_2,Acari,Heather_Proctor,Arthropoda,Chelicerata,Acari,,,,,,,,,,,,
Tetranychidae_sp_1,Acari,Heather_Proctor,Arthropoda,Chelicerata,Acari,,,,,,,,,,,,
Tetranychidae_sp_2,Acari,Heather_Proctor,Arthropoda,Chelicerata,Acari,,,,,,,,,,,,
Trhypochthoniellus_sp_1,Acari,Heather_Proctor,Arthropoda,Chelicerata,Acari,,,,,,,,,,,,
Tuckerella_sp_1,Acari,Heather_Proctor,Arthropoda,Chelicerata,Acari,,,,,,,,,,,,
Uropodina_sp_1,Acari,Heather_Proctor,Arthropoda,Chelicerata,Acari,,,,,,,,,,,,
Uropodoidea_sp_1,Acari,Heather_Proctor,Arthropoda,Chelicerata,Acari,,,,,,,,,,,,
Amphipod_sp_1,Amphipoda,,Arthropoda,Crustacea,Malacostraca,,,Amphipoda,,,,Talitridae,,,,,
Amphipod_sp_2,Amphipoda,,Arthropoda,Crustacea,Malacostraca,,,Amphipoda,,,,Talitridae,,,,,
Amynthas_sp_1,Annelida,,Annelida,,Clitellata,Oligochaeta,,Crassiclitellata,,,,Megascolecidae,,Amynthas,sp1,,
Anapidae_sp_1,Araneae,Nadine_Duperre,Arthropoda,Chelicerata,Arachnida,,,Araneae,,Araneomorphae,,Anapidae,,Anapidae,sp1,,
Coleosoma_floridanum,Araneae,Nadine_Duperre,Arthropoda,Chelicerata,Arachnida,,,Araneae,,Araneomorphae,,Theridiidae,,Coleosoma,floridanum,,
Grey_body_spider,Araneae,Nadine_Duperre,Arthropoda,Chelicerata,Arachnida,,,Araneae,,Araneomorphae,,,,Grey_body_spider,,,probably_a_juvenile_of_another_species
Hasarius_adansoni,Araneae,Nadine_Duperre,Arthropoda,Chelicerata,Arachnida,,,Araneae,,Araneomorphae,,Salticidae,,Hasarius,adansoni,,
Heteropoda__venatoria,Araneae,Nadine_Duperre,Arthropoda,Chelicerata,Arachnida,,,Araneae,,Araneomorphae,,Sparassidae,,Heteropoda,venatoria,,
Holocneminus_piritarsis,Araneae,Nadine_Duperre,Arthropoda,Chelicerata,Arachnida,,,Araneae,,Araneomorphae,,Pholicidae,,Holocneminus,piritarsis,,
Ischnothyreus_velox,Araneae,Nadine_Duperre,Arthropoda,Chelicerata,Arachnida,,,Araneae,,Araneomorphae,,Oonopidae,,Ischnothyreus,velox,,
Lined_theridiid,Araneae,Nadine_Duperre,Arthropoda,Chelicerata,Arachnida,,,Araneae,,Araneomorphae,,Theridiidae,,Lined_theridiid,,,
Menemerus_bivittatus,Araneae,Nadine_Duperre,Arthropoda,Chelicerata,Arachnida,,,Araneae,,Araneomorphae,,Salticidae,,Menemerus,bivittatus,,
Messua_felix,Araneae,Nadine_Duperre,Arthropoda,Chelicerata,Arachnida,,,Araneae,,Araneomorphae,,Salticidae,,Messua,felix,,
Neoscona_theisi,Araneae,Nadine_Duperre,Arthropoda,Chelicerata,Arachnida,,,Araneae,,Araneomorphae,,Araneidae,,Neoscona,theisi,,
Nesticodes_rufipes,Araneae,Nadine_Duperre,Arthropoda,Chelicerata,Arachnida,,,Araneae,,Araneomorphae,,Theridiidae,,Nesticodes,rufipes,,ID_still_tentative
Opopaea_deserticola,Araneae,Nadine_Duperre,Arthropoda,Chelicerata,Arachnida,,,Araneae,,Araneomorphae,,Oonopidae,,Opopaea,deserticola,,
Oonopidae_sp_1,Araneae,Nadine_Duperre,Arthropoda,Chelicerata,Arachnida,,,Araneae,,Araneomorphae,,Oonopidae,,,,,
Orchestina_sp_1,Araneae,Nadine_Duperre,Arthropoda,Chelicerata,Arachnida,,,Araneae,,Araneomorphae,,Oonopidae,,Orchestina,sp1,,
Phintella_versicolor,Araneae,Nadine_Duperre,Arthropoda,Chelicerata,Arachnida,,,Araneae,,Araneomorphae,,Salticidae,,Phintella,versicolor,,
Plexippus_paykulli,Araneae,Nadine_Duperre,Arthropoda,Chelicerata,Arachnida,,,Araneae,,Araneomorphae,,Salticidae,,Plexippus,paykulli,,
Scytodes_longipes,Araneae,Nadine_Duperre,Arthropoda,Chelicerata,Arachnida,,,Araneae,,Araneomorphae,,Scytotidae,,Scytodes,longipes,,
Scytodes_sp_2,Araneae,Nadine_Duperre,Arthropoda,Chelicerata,Arachnida,,,Araneae,,Araneomorphae,,Scytotidae,,Scytodes,sp2,,
Smeringopus_pallidus,Araneae,,Arthropoda,Chelicerata,Arachnida,,,Araneae,,Araneomorphae,,Pholicidae,,Smeringopus,pallidus,,
Blattela_germanica,Blattodea,Robin_Victarino,Arthropoda,Hexapoda,Insecta,,,Blattodea,,,,Ectobiidae,,Blattella,germanica,,
Diplopera_punctata,Blattodea,Robin_Victarino,Arthropoda,Hexapoda,Insecta,,,Blattodea,,,Blaberoidea,Blaberidae,Diplopterinae,Diploptera,punctata,,
Margattea_sp_1,Blattodea,Robin_Victarino,Arthropoda,Hexapoda,Insecta,,,Blattodea,,,,Ectobiidae,Pseudophyllodromiinae,Margattea,sp_1,,
Megamareta_sp_1,Blattodea,Robin_Victarino,Arthropoda,Hexapoda,Insecta,,,Blattodea,,,,Ectobiidae,Pseudophyllodromiinae,Megamareta,sp_1,,
Onchostylus_notulatus,Blattodea,Robin_Victarino,Arthropoda,Hexapoda,Insecta,,,Blattodea,,,,Ectobiidae,Pseudophyllodromiinae,Onchostylus,notulatus,,
Periplanata_americana,Blattodea,Robin_Victarino,Arthropoda,Hexapoda,Insecta,,,Blattodea,,,Blattoidea,Blattidae,,Periplanata,americana,,
Periplanata_australasiae,Blattodea,Robin_Victarino,Arthropoda,Hexapoda,Insecta,,,Blattodea,,,Blattoidea,Blattidae,,Periplanata,australasiae,,
Pycnoscelus_surinamensis,Blattodea,Robin_Victarino,Arthropoda,Hexapoda,Insecta,,,Blattodea,,,Blaberoidea,Blaberidae,Pycnoscelinae,Pycnoscelus,surinamensis,,
Small_hairy_cockroach,Blattodea,Robin_Victarino,Arthropoda,Hexapoda,Insecta,,,Blattodea,,,,,,Megamareta,sp_2,,
Supella_longipalpa,Blattodea,Robin_Victarino,Arthropoda,Hexapoda,Insecta,,,Blattodea,,,,Ectobiidae,Pseudophyllodromiinae,Supella,longipalpa,,
Albino_centipede,Chilopoda,,Arthropoda,Myriapoda,Chilopoda,,,,,,,Schendylida,,Albino_centipede,sp_1,,
Mecistocephalus_sp_1,Chilopoda,,Arthropoda,Myriapoda,Chilopoda,,,Geophilomorpha,,,,Mecistocephalidae,,Mecistocephalus,sp_1,,
Hemidactylus_frenatus,Chordata,,Chordata,,Reptilia,,,Squamata,,,,Gekkonidae,Gekkoninae,Hemidactylus,frenatus,,
Lepidodactylus_legubris,Chordata,,Chordata,,Reptilia,,,Squamata,,,,Gekkonidae,Gekkoninae,Lepidodactylus,legubris,,
Lepidodactylus_sp_nov,Chordata,,Chordata,,Reptilia,,,Squamata,,,,Gekkonidae,Gekkoninae,Lepidodactylus,sp_nov,,
Rattus_rattus,Chordata,,Chordata,,Mammalia,,,Rodentia,,,,Muridae,,Rattus,rattus,,Extinct
Dysmicoccus_brevipes,Coccoidea,,Arthropoda,Hexapoda,Insecta,,,Hemiptera,Sternorrhyncha,,Coccoidea,Pseudococcidae,,Dysmicoccus,brevipes,,
Dysmicoccus_neobrevipes,Coccoidea,,Arthropoda,Hexapoda,Insecta,,,Hemiptera,Sternorrhyncha,,Coccoidea,Pseudococcidae,,Dysmicoccus,neobrevipes,,
Ferrisia_virgata,Coccoidea,,Arthropoda,Hexapoda,Insecta,,,Hemiptera,Sternorrhyncha,,Coccoidea,Pseudococcidae,,Ferrisia,virgata,,
Icerya_purchasi,Coccoidea,,Arthropoda,Hexapoda,Insecta,,,Hemiptera,Sternorrhyncha,,Coccoidea,,,Icerya_purchase,,,
Planococcus_citri,Coccoidea,,Arthropoda,Hexapoda,Insecta,,,Hemiptera,Sternorrhyncha,,Coccoidea,Pseudococcidae,,Planococcus,citri,,
Pulvinaria_urbicola,Coccoidea,,Arthropoda,Hexapoda,Insecta,,,Hemiptera,Sternorrhyncha,,Coccoidea,Coccidae,,Pulvinaria,urbicola,,
Abraeomorphus_atomarius,Coleoptera,Matthew_Gimmel,Arthropoda,Hexapoda,Insecta,,,Coleoptera,,,Histeroidea,Histeridae,,Abraeomorphus,atomarius,,
Aderidae_sp_1,Coleoptera,Matthew_Gimmel,Arthropoda,Hexapoda,Insecta,,,Coleoptera,,,,Aderidae,,Aderidae_sp,Aderidae_sp,,
Anthicus_oceanicus,Coleoptera,Matthew_Gimmel,Arthropoda,Hexapoda,Insecta,,,Coleoptera,Polyphaga,Cucujiformia,Tenebrionoidea,Anthicidae,,Anthicus_oceanicus,Anthicus_oceanicus,,
Araecerus_vieillardi,Coleoptera,Matthew_Gimmel,Arthropoda,Hexapoda,Insecta,,,Coleoptera,Polyphaga,Cucujiformia,Curculionidea,Anthribidae,,Araecerus_vieillardi,Araecerus_vieillardi,,
Brown_Aleocharinae,Coleoptera,,Arthropoda,Hexapoda,Insecta,,,Coleoptera,Polyphaga,Staphyliniformia,Staphylinoidea,Staphylinidae,Aleocharinae,,,,
Ceresium_unicolor,Coleoptera,,Arthropoda,Hexapoda,Insecta,,,Coleoptera,Polyphaga,Cucujiformia,Chrsyomeloidea,Cerambycidae,Cerambycinae,Ceresium,unicolor,,
Conoderus_pallipes,Coleoptera,Matthew_Gimmel,Arthropoda,Hexapoda,Insecta,,,Coleoptera,Polyphaga,,,Elatridae,Agrypninae,Conoderus,pallipes,,
Cossoninae_sp_1,Coleoptera,Robert_Anderson,Arthropoda,Hexapoda,Insecta,,,Coleoptera,Polyphaga,Cucujiformia,Curculionidea,Curculionidae,Cossoninae,Cossoninae_sp1,Cossoninae_sp1,,
Cossoninae_sp_2,Coleoptera,Robert_Anderson,Arthropoda,Hexapoda,Insecta,,,Coleoptera,Polyphaga,Cucujiformia,Curculionidea,Curculionidae,Cossoninae,Cossoninae_sp2,Cossoninae_sp2,,
Cossoninae_sp_3,Coleoptera,Robert_Anderson,Arthropoda,Hexapoda,Insecta,,,Coleoptera,Polyphaga,Cucujiformia,Curculionidea,Curculionidae,Cossoninae,Cossoninae_sp3,Cossoninae_sp3,,
Cossoninae_sp_4,Coleoptera,Robert_Anderson,Arthropoda,Hexapoda,Insecta,,,Coleoptera,Polyphaga,Cucujiformia,Curculionidea,Curculionidae,Cossoninae,Cossoninae_sp4,Cossoninae_sp4,,
Cossoninae_sp_5,Coleoptera,Robert_Anderson,Arthropoda,Hexapoda,Insecta,,,Coleoptera,Polyphaga,Cucujiformia,Curculionidea,Curculionidae,Cossoninae,Cossoninae_sp5,Cossoninae_sp5,,
Cossoninae_sp_6,Coleoptera,Robert_Anderson,Arthropoda,Hexapoda,Insecta,,,Coleoptera,Polyphaga,Cucujiformia,Curculionidea,Curculionidae,Cossoninae,Cossoninae_sp6,Cossoninae_sp6,,
Curculioninae_sp_1,Coleoptera,Robert_Anderson,Arthropoda,Hexapoda,Insecta,,,Coleoptera,Polyphaga,Cucujiformia,Curculionidea,Curculionidae,Curculioninae,Curculioninae_sp1,Curculioninae_sp1,,
Curinus_coeruleus,Coleoptera,Matthew_Gimmel,Arthropoda,Hexapoda,Insecta,,,Coleoptera,Polyphaga,Cucujiformia,Coccinelloidea,Coccinellidae,Chilocorinae,Curinus_coeruleus,Curinus_coeruleus,,
Dactylosternum_abdominale,Coleoptera,Matthew_Gimmel,Arthropoda,Hexapoda,Insecta,,,Coleoptera,Polyphaga,Staphyliniformia,Hydrophiloidea,Hyrdrophilidae,,Dactylosternum_abdominale,Dactylosternum_abdominale,,
Derolathrus_atomus,Coleoptera,Matthew_Gimmel,Arthropoda,Hexapoda,Insecta,,,Coleoptera,,,,Jacobsoniidae,,Derolathrus_atomus,Derolathrus_atomus,,
Dermestidae,Coleoptera,,Arthropoda,Hexapoda,Insecta,,,Coleoptera,,,,Dermestidae,,,,,
Diocalandra_taitensis,Coleoptera,Robert_Anderson,Arthropoda,Hexapoda,Insecta,,,Coleoptera,Polyphaga,Cucujiformia,Curculionidea,Curculionidae,,Diocalandra_taitensis,Diocalandra_taitensis,,
Diomus_notescens,Coleoptera,Rachel_Behm,Arthropoda,Hexapoda,Insecta,,,Coleoptera,Polyphaga,Cucujiformia,Coccinelloidea,Coccinellidae,,Diomus,notescens,,
Endynomena_pradieri,Coleoptera,Matthew_Gimmel,Arthropoda,Hexapoda,Insecta,,,Coleoptera,Adephaga,,,Carabidae,,Endynomena_pradieri,Endynomena_pradieri,,
Eobia_bicolor,Coleoptera,Matthew_Gimmel,Arthropoda,Hexapoda,Insecta,,,Coleoptera,Polyphaga,Cucujiformia,Tenebrionoidea,Oedemeridae,,Eobia_bicolor,Eobia_bicolor,,
Eobia_bilineata,Coleoptera,Matthew_Gimmel,Arthropoda,Hexapoda,Insecta,,,Coleoptera,Polyphaga,Cucujiformia,Tenebrionoidea,Oedemeridae,,Eobia_bilineata,Eobia_bilineata,,
Eobia_kanack,Coleoptera,Matthew_Gimmel,Arthropoda,Hexapoda,Insecta,,,Coleoptera,Polyphaga,Cucujiformia,Tenebrionoidea,Oedemeridae,,Eobia_kanack,Eobia_kanack,,
Gloeosoma_sp_1,Coleoptera,Matthew_Gimmel,Arthropoda,Hexapoda,Insecta,,,Coleoptera,Polyphaga,Cucujiformia,Cucujoidea,Corylophidae,,Gloeosoma,sp1,,
Halmus_chalybeus,Coleoptera,Matthew_Gimmel,Arthropoda,Hexapoda,Insecta,,,Coleoptera,Polyphaga,Cucujiformia,Coccinelloidea,Coccinellidae,,Halmus,chalybeus,,
Hypothenemus_areccae,Coleoptera,Matthew_Gimmel,Arthropoda,Hexapoda,Insecta,,,Coleoptera,Polyphaga,Cucujiformia,Curculionidea,Curculionidae,,Hypothenemus_areccae,Hypothenemus_areccae,,
Hypothenemus_pubescens,Coleoptera,Matthew_Gimmel,Arthropoda,Hexapoda,Insecta,,,Coleoptera,Polyphaga,Cucujiformia,Curculionidea,Curculionidae,,Hypothenemus_pubescens,Hypothenemus_pubescens,,
Hypothenemus_ruficeps,Coleoptera,Matthew_Gimmel,Arthropoda,Hexapoda,Insecta,,,Coleoptera,Polyphaga,Cucujiformia,Curculionidea,Curculionidae,,Hypothenemus_ruficeps,Hypothenemus_ruficeps,,
Long_elytra_ptilidae,Coleoptera,,Arthropoda,Hexapoda,Insecta,,,Coleoptera,Polyphaga,Staphyliniformia,Staphylinoidea,Ptillidae,,,,,
Mauia_subnotatus,Coleoptera,Matthew_Gimmel,Arthropoda,Hexapoda,Insecta,,,Coleoptera,Polyphaga,Cucujiformia,Curculionidea,Anthribidae,,Mauia_subnotatus,Mauia_subnotatus,,
Nephus_roepkei,Coleoptera,Matthew_Gimmel,Arthropoda,Hexapoda,Insecta,,,Coleoptera,Polyphaga,Cucujiformia,Coccinelloidea,Coccinellidae,,Nephus_roepkei,Nephus_roepkei,,
Orthoperus_aequalis,Coleoptera,Matthew_Gimmel,Arthropoda,Hexapoda,Insecta,,,Coleoptera,Polyphaga,Cucujiformia,Cucujoidea,Corylophidae,,Orthoperus_aequalis,Orthoperus_aequalis,,
Oxydema_fusforme,Coleoptera,Robert_Anderson,Arthropoda,Hexapoda,Insecta,,,Coleoptera,Polyphaga,Cucujiformia,Curculionidea,Curculionidae,,Oxydema_fusforme,Oxydema_fusforme,,
Perigonia_nigriceps,Coleoptera,,Arthropoda,Hexapoda,Insecta,,,Coleoptera,Adephaga,,,Carabidae,Harpalinae,Perigonia,nigriceps,,
Philonthus_discoideus,Coleoptera,,Arthropoda,Hexapoda,Insecta,,,Coleoptera,Polyphaga,Staphyliniformia,Staphylinoidea,Staphylinidae,,Philonthus,discoideus,,
Philothermus_sp_1,Coleoptera,Matthew_Gimmel,Arthropoda,Hexapoda,Insecta,,,Coleoptera,Polyphaga,Cucujiformia,Coccinelloidea,Cerlyonidae,Cerlyoninae,Philothermus_sp,Philothermus_sp,,
Cryptamorpha_desjardinsii,Coleoptera,,Arthropoda,Hexapoda,Insecta,,,Coleoptera,,,,Silvanidae,,Cryptamorhpa,desjardinsii,,
Ptinella_sp_1,Coleoptera,Matthew_Gimmel,Arthropoda,Hexapoda,Insecta,,,Coleoptera,Polyphaga,Staphyliniformia,Staphylinoidea,Ptillidae,,Ptinella_sp,Ptinella_sp,,
Rhyzobius_lophanthae,Coleoptera,Matthew_Gimmel,Arthropoda,Hexapoda,Insecta,,,Coleoptera,Polyphaga,Cucujiformia,Coccinelloidea,Coccinellidae,,Rhyzobius_lophanthae,Rhyzobius_lophanthae,,
Saprosites_pygmaeus,Coleoptera,Matthew_Gimmel,Arthropoda,Hexapoda,Insecta,,,Coleoptera,Polyphaga,Scarabaeiformia,Scarabaeoidea,Scarabaeidae,,Saprosites_pygmaeus,Saprosites_pygmaeus,,
Scymnus_sp_1,Coleoptera,Matthew_Gimmel,Arthropoda,Hexapoda,Insecta,,,Coleoptera,Polyphaga,Cucujiformia,Coccinelloidea,Coccinellidae,Scymninae,Scymnus_sp,Scymnus_sp,,
Sticholotis_ruficeps,Coleoptera,Matthew_Gimmel,Arthropoda,Hexapoda,Insecta,,,Coleoptera,Polyphaga,Cucujiformia,Coccinelloidea,Coccinellidae,,Sticholotis_ruficeps,Sticholotis_ruficeps,,
Sunius_sp_1,Coleoptera,Matthew_Gimmel,Arthropoda,Hexapoda,Insecta,,,Coleoptera,Polyphaga,Staphyliniformia,Staphylinoidea,Staphylinidae,Paederinae,Sunius_sp,Sunius_sp,,
Sybra_alternans,Coleoptera,Matthew_Gimmel,Arthropoda,Hexapoda,Insecta,,,Coleoptera,Polyphaga,Cucujiformia,Chrsyomeloidea,Cerambycidae,Lamiinae,Sybra_alternans,Sybra_alternans,,
Thesiastes_femoratus,Coleoptera,Matthew_Gimmel,Arthropoda,Hexapoda,Insecta,,,Coleoptera,Polyphaga,Staphyliniformia,Staphylinoidea,Staphylinidae,Psephalinae,Thesiastes_femoratus,Thesiastes_femoratus,,
Trichiorhyssemus_esakii,Coleoptera,Matthew_Gimmel,Arthropoda,Hexapoda,Insecta,,,Coleoptera,Polyphaga,Scarabaeiformia,Scarabaeoidea,Scarabaeidae,,Trichiorhyssemus_esakii,Trichiorhyssemus_esakii,,
Urophorus_humeralis,Coleoptera,Matthew_Gimmel,Arthropoda,Hexapoda,Insecta,,,Coleoptera,Polyphaga,Cucujiformia,Cucujoidea,Nitidulidae,Carpophilinae,Urophorus_humeralis,Urophorus_humeralis,,
Xyleborus_perforans,Coleoptera,Matthew_Gimmel,Arthropoda,Hexapoda,Insecta,,,Coleoptera,Polyphaga,Cucujiformia,Curculionidea,Curculionidae,Scolytinae,Xyleborus_perforans,Xyleborus_perforans,,
Collembola_Morph_A,Collembola,Aron_Katz,Arthropoda,Hexapoda,Entognatha,Collembola,,Entomobryomorpha,,,,,,Collembola_Morph_A,,,
Collembola_Morph_B,Collembola,Aron_Katz,Arthropoda,Hexapoda,Entognatha,Collembola,,Entomobryomorpha,,Poduromorpha,,,,Collembola_Morph_B,,,
Collembola_Morph_C,Collembola,Aron_Katz,Arthropoda,Hexapoda,Entognatha,Collembola,,Entomobryomorpha,,,,,,Collembola_Morph_C,,,
Collembola_Morph_D,Collembola,Aron_Katz,Arthropoda,Hexapoda,Entognatha,Collembola,,Poduromorpha,,,,,,Collembola_Morph_D,,,
Collembola_Morph_F,Collembola,Aron_Katz,Arthropoda,Hexapoda,Entognatha,Collembola,,Entomobryomorpha,,,,,,Collembola_Morph_F,,,
Collembola_Morph_G,Collembola,Aron_Katz,Arthropoda,Hexapoda,Entognatha,Collembola,,Poduromorpha,,,,,,Collembola_Morph_G,,,
Collembola_Morph_H,Collembola,Aron_Katz,Arthropoda,Hexapoda,Entognatha,Collembola,,Entomobryomorpha,,,,,,Collembola_Morph_H,,,
Collembola_Morph_L,Collembola,Aron_Katz,Arthropoda,Hexapoda,Entognatha,Collembola,,Poduromorpha,,,,,,Collembola_Morph_L,,,
Collembola_Morph_M,Collembola,Aron_Katz,Arthropoda,Hexapoda,Entognatha,Collembola,,Entomobryomorpha,,,,,,Collembola_Morph_M,,,
Collembola_Morph_P,Collembola,Aron_Katz,Arthropoda,Hexapoda,Entognatha,Collembola,,Poduromorpha,,,,,,Collembola_Morph_P,,,
Collembola_Morph_Q,Collembola,Aron_Katz,Arthropoda,Hexapoda,Entognatha,Collembola,,Poduromorpha,,,,,,Collembola_Morph_Q,,,
Collembola_Morph_S,Collembola,Aron_Katz,Arthropoda,Hexapoda,Entognatha,Collembola,,Poduromorpha,,,,,,Collembola_Morph_S,,,
Collembola_Morph_E,Collembola,Aron_Katz,Arthropoda,Hexapoda,Entognatha,Collembola,,Poduromorpha,,,,,,Collembola_Morph_E,,,
Symphypleona_Blue,Collembola,Aron_Katz,Arthropoda,Hexapoda,Entognatha,Collembola,,Symphypleona,,,,,,Symphypleona_Blue,,,
Symphypleona_Pink,Collembola,Aron_Katz,Arthropoda,Hexapoda,Entognatha,Collembola,,Symphypleona,,,,,,Symphypleona_Pink,,,
Symphypleona_Striped,Collembola,Aron_Katz,Arthropoda,Hexapoda,Entognatha,Collembola,,Symphypleona,,,,,,Symphypleona_Striped,,,
Birgus_latro,Decapoda,,Arthropoda,Crustacea,Malacostraca,,,Decapoda,,Anomura,Paguroidea,Coenobitidae,,Birgus,latro,,
Cardisoma_carnifex,Decapoda,,Arthropoda,Crustacea,Malacostraca,,,Decapoda,,Brachyura,,Gecarcinidae,,Cardisoma,carnifex,,
Chiromantes_sp_1,Decapoda,John_Hoover,Arthropoda,Crustacea,Malacostraca,,,Decapoda,,Brachyura,,Sesarmidae,,Chiromantes,sp1,,
Coenobita_brevimanus,Decapoda,,Arthropoda,Crustacea,Malacostraca,,,Decapoda,,Anomura,Paguroidea,Coenobitidae,,Coenobita,brevimanus,,
Coenobita_perlatus,Decapoda,,Arthropoda,Crustacea,Malacostraca,,,Decapoda,,Anomura,Paguroidea,Coenobitidae,,Coenobita,perlatus,,
Geograpsus_crinipes,Decapoda,,Arthropoda,Crustacea,Malacostraca,,,Decapoda,,Brachyura,,Grapsidae,,Geograpsus,crinipes,,
Geograpsus_grayi,Decapoda,,Arthropoda,Crustacea,Malacostraca,,,Decapoda,,Brachyura,,Grapsidae,,Geograpsus,grayi,,
Geograpsus_stormi,Decapoda,,Arthropoda,Crustacea,Malacostraca,,,Decapoda,,Brachyura,,Grapsidae,,Geograpsus,stormi,,
Grapsus_grapsus_tenuicrustatus,Decapoda,,Arthropoda,Crustacea,Malacostraca,,,Decapoda,,Brachyura,,Grapsidae,,Grapsus,grapsus_tenuicrustatus,,
Ocypode_ceratophthalma,Decapoda,,Arthropoda,Crustacea,Malacostraca,Eumalacostraca,,Decapoda,Pleocyemata,Brachyura,Ocypodoidea,Ocypodidae,,Ocypode,ceratophthalma,,
Ocypode_cordimanus,Decapoda,,Arthropoda,Crustacea,Malacostraca,Eumalacostraca,,Decapoda,Pleocyemata,Brachyura,Ocypodoidea,Ocypodidae,,Ocypode,cordimanus,,
Tuerkayana_rotundum,Decapoda,John_Hoover,Arthropoda,Crustacea,Malacostraca,,,Decapoda,,Brachyura,,Gecarcinidae,,Tuerkayana,rotundum,,
Uca_tetragonum,Decapoda,,Arthropoda,Crustacea,Malacostraca,Eumalacostraca,,Decapoda,Pleocyemata,Brachyura,Ocypodoidea,Ocypodidae,Ucinea,Uca,tetragonum,,
Euborellia_annulipes,Dermaptera,John McLaughlin,Arthropoda,Hexapoda,Insecta,,,Dermaptera,,,,Anisolabididae,,Euborellia,annulipes,,
Winged_dermaptera,Dermaptera,,Arthropoda,Hexapoda,Insecta,,,Dermaptera,,,,Anisolabididae,,Winged_dermaptera,,,
Pale_dicellurata,Dicellurata,,Arthropoda,Hexapoda,Entognatha,,,Diplura,Dicellurata,,,Japygidae,Parajapyginae,Parajapyx,isabellae,,
Aschistodesmini_sp_1,Diplopoda,,Arthropoda,Myriapoda,Diplopoda,Chilognatha,,Polydesmida,Strongylosomatidea,,,Paradoxosomatidae,Australiosomatinae,Aschistodesmini,sp,,
Trigoniulus_corallinus,Diplopoda,,Arthropoda,Myriapoda,Diplopoda,,,Spirobolida,,,,Trigoniulidae,,Trigoniulus,corallinus,,
Aedes_albopictus,Diptera,,Arthropoda,Hexapoda,Insecta,,,Diptera,,Culicomorpha,,Culicidae,,Aedes,albopictus,,Extinct
Atherigona_orientalis,Diptera,Matt_Bertone,Arthropoda,Hexapoda,Insecta,Holometabola,,Diptera,Brachycera,Muscomorpha,,Muscidae,Phaoniinae,Atherigona,orientalis,,
Bradysia_sp_1,Diptera,Matt_Bertone,Arthropoda,Hexapoda,Insecta,,,Diptera,,Bibionomorpha,Sciariodea,Sciaridae,,Bradysia,sp,,
Brown_patterned_nematocera,Diptera,Rachel_Behm,Arthropoda,Hexapoda,Insecta,,,Diptera,,,,,,Brown_patterned_nematocera,,,
Brown_sciaridae,Diptera,Rachel_Behm,Arthropoda,Hexapoda,Insecta,,,Diptera,,,,Cosmosciara,,Brown_sciaridae,,,
Brown_yellow_dasyhelea_sp_1,Diptera,Rachel_Behm,Arthropoda,Hexapoda,Insecta,,,Diptera,,,,Ceratopogonidae,,Brown_yellow_dasyhelea,,,
Cacoxenus_perspicax,Diptera,Matt_Bertone,Arthropoda,Hexapoda,Insecta,,,Diptera,,,,Drosophilidae,,Cacoxenus_(Gitonides),perspicax,,predatory_on_mealybugs
Cadrema_pallida,Diptera,Matt_Bertone,Arthropoda,Hexapoda,Insecta,,,Diptera,,,,Chloropidae,,Cadrema,pallida,,
Cephalochrysa_maxima,Diptera,Matt_Bertone,Arthropoda,Hexapoda,Insecta,,,Diptera,,,,Stratiomyidae,Sarginae,Cephalochrysa,maxima,,
Chonocephalus_sp_1,Diptera,Matt_Bertone,Arthropoda,Hexapoda,Insecta,,,Diptera,,,Platypezoidea,Phoridae,Choncocephalinae,Chonocephalus,sp1,,
Chrysosoma_complicatum,Diptera,Matt_Bertone,Arthropoda,Hexapoda,Insecta,,,Diptera,,Asilomorpha,Empidoidea,Dolichopodidae,Sciapodinae,Chrysosoma,complicatum,,
Chrysosoma_megacephala,Diptera,Matt_Bertone,Arthropoda,Hexapoda,Insecta,,,Diptera,,Asilomorpha,Empidoidea,Dolichopodidae,Sciapodinae,Chrysosoma,megacephala,,
Chrysosoma_molestum,Diptera,Matt_Bertone,Arthropoda,Hexapoda,Insecta,,,Diptera,,Asilomorpha,Empidoidea,Dolichopodidae,Sciapodinae,Chrysosoma,molestum,,
Chrysotus_cockerellae,Diptera,Matt_Bertone,Arthropoda,Hexapoda,Insecta,,,Diptera,,Asilomorpha,Empidoidea,Dolichopodidae,,Chrysotus,cockerellae,,
Chrysotus_sp_1,Diptera,Matt_Bertone,Arthropoda,Hexapoda,Insecta,,,Diptera,,Asilomorpha,Empidoidea,Dolichopodidae,,Chrysotus,sp1,,
Chyromyidae_sp_1,Diptera,Rachel_Behm,Arthropoda,Hexapoda,Insecta,,,Diptera,,,,Chyromyidae,,,,,
Clunio_sp_1,Diptera,Matt_Bertone,Arthropoda,Hexapoda,Insecta,,,Diptera,Nematocera,Culicomorpha,Chironomoidea,Chironomidae,Orthocladiinae,Clunio,sp1,,
Colobostema_sp_1,Diptera,Matt_Bertone,Arthropoda,Hexapoda,Insecta,,,Diptera,Nematocera,Bibionomorpha,,Scatopsidae,,Colobostema,sp1,,
Coquillettomyia_sp_1,Diptera,Matt_Bertone,Arthropoda,Hexapoda,Insecta,,,Diptera,Nematocera,Bibionomorpha,Sciariodea,Ceciomyiidae,Cecidomyiinae,Coquillettomyia,sp1,,
Culex_quinquefasciatus,Diptera,Rachel_Behm,Arthropoda,Hexapoda,Insecta,,,Diptera,Nematocera,Culicomorpha,,Culicidae,,Culex,quinquefasciatus,,
Dark_brown_acalyptrate,Diptera,Rachel_Behm,Arthropoda,Hexapoda,Insecta,,,Diptera,,,,,,Dark_brown_acalyptrate,,,
Dasyhelea_sp_1,Diptera,Matt_Bertone,Arthropoda,Hexapoda,Insecta,,,Diptera,Nematocera,Culicomorpha,,Ceratopogonidae,,Dasyhelea,sp1,,
Dasyrhicnoessa_sp_1,Diptera,Matt_Bertone,Arthropoda,Hexapoda,Insecta,,,Diptera,,,,Canacidae,Tethininae,Dasyrhicnoessa_sp,sp1,,
Dasyrhicnoessa_sp_2,Diptera,Matt_Bertone,Arthropoda,Hexapoda,Insecta,,,Diptera,,,,Canacidae,Tethininae,Dasyrhicnoessa_sp,sp2,,
Discocerina_sp_1,Diptera,Matt_Bertone,Arthropoda,Hexapoda,Insecta,,,Diptera,,,,Ephydridae,Gymnomyzinae,Discocerina,sp1,,
Dohrniphora_cornuta,Diptera,Matt_Bertone,Arthropoda,Hexapoda,Insecta,,,Diptera,,,,Phoridae,Phorinae,Dohrniphora,cornuta,,
Drosophila_ananassae,Diptera,Matt_Bertone,Arthropoda,Hexapoda,Insecta,,,Diptera,,,,Drosophilidae,,Drosophila,ananassae,,
Fannia_pusio,Diptera,Matt_Bertone,Arthropoda,Hexapoda,Insecta,,,Diptera,,Calyptratae,Muscoidea,Fanniidae,,Fannia,pusio,,
Fat_antennae_fly,Diptera,Rachel_Behm,Arthropoda,Hexapoda,Insecta,,,Diptera,,,,,,,,,
Gaurax_bicoloripes,Diptera,Matt_Bertone,Arthropoda,Hexapoda,Insecta,,,Diptera,,,,Chloropidae,,Gaurax,bicoloripes,,
Lamprolonchaea_sp_1,Diptera,Matt_Bertone,Arthropoda,Hexapoda,Insecta,,,Diptera,,,Tephritoidea,Lonchaeidae,,Lamprolonchaea,sp,,
Leg_hair_no_dip,Diptera,Rachel_Behm,Arthropoda,Hexapoda,Insecta,,,Diptera,,,,,,Leg_hair_no_dip,,,
Leptocera_sp_1,Diptera,Matt_Bertone,Arthropoda,Hexapoda,Insecta,,,Diptera,,,,Sphaeroceridae,Limosininae,Leptocera,sp1,,
Liriomyza_sativae,Diptera,Matt_Bertone,Arthropoda,Hexapoda,Insecta,,,Diptera,,,,Agromyzidae,,Liriomyza,sativae,,
Lucilia_sericata,Diptera,Matt_Bertone,Arthropoda,Hexapoda,Insecta,,,Diptera,,,,Calliphoridae,,Lucilia,sericata,,
Milichiella_lacteipennis,Diptera,Matt_Bertone,Arthropoda,Hexapoda,Insecta,,,Diptera,,,,Milichiidae,,Milichiella,lacteipennis,,
Nocticanace_marshallensis,Diptera,Matt_Bertone,Arthropoda,Hexapoda,Insecta,,,Diptera,,,,Canacidae,,Nocticanace,marshallensis,,
Olfesia_aenescens,Diptera,Rachel_Behm,Arthropoda,Hexapoda,Insecta,,,Diptera,,,,Hippoboscidae,,Olfesia,aenescens,,
Ornithoica_vicina,Diptera,Rachel_Behm,Arthropoda,Hexapoda,Insecta,,,Diptera,,,,Hippoboscidae,,Ornithoica,vicina,,
Orthocladiinae_sp,Diptera,Matt_Bertone,Arthropoda,Hexapoda,Insecta,,,Diptera,,,,Chironomidae,Orthocladiinae,Orthocladiinae,sp1,,
Pale_fringed_wing_fly,Diptera,Rachel_Behm,Arthropoda,Hexapoda,Insecta,,,Diptera,,,,,,Pale_fringed_wing_fly,,,
Pale_unknown_fly,Diptera,Rachel_Behm,Arthropoda,Hexapoda,Insecta,,,Diptera,,,,,,Pale_unknown_fly,,,
Pale_yellow_nematocera,Diptera,Rachel_Behm,Arthropoda,Hexapoda,Insecta,,,Diptera,,,,,,Pale_yellow_nematocera,,,
Psectrosciara_sp_1,Diptera,Matt_Bertone,Arthropoda,Hexapoda,Insecta,,,Diptera,Nematocera,Bibionomorpha,,Scatopsidae,,Psectrosciara,sp1,,
Pseudeuxesta_prima,Diptera,Rachel_Behm,Arthropoda,Hexapoda,Insecta,,,Diptera,,,,Ulidiidae,,Pseudeuxesta,prima,,
Psychodinae_sp_1,Diptera,Matt_Bertone,Arthropoda,Hexapoda,Insecta,,,Diptera,,,,Psychodidae,Psychodinae,Psychodinae,sp1,,
Rhegmoclema_sp_1,Diptera,Matt_Bertone,Arthropoda,Hexapoda,Insecta,,,Diptera,,,,Scatopsidae,,Rhegmoclema,sp1,,
Sarcophaga_gressitti,Diptera,Matt_Bertone,Arthropoda,Hexapoda,Insecta,,,Diptera,,,Oestroidea,Sarcophagidae,Sarcophaginae,Sarcophaga,gressitti,,
Sarcophaga_misera,Diptera,Matt_Bertone,Arthropoda,Hexapoda,Insecta,,,Diptera,,,Oestroidea,Sarcophagidae,Sarcophaginae,Sarcophaga,misera,,
Sarcophaga_peregrina,Diptera,Matt_Bertone,Arthropoda,Hexapoda,Insecta,,,Diptera,,,Oestroidea,Sarcophagidae,Sarcophaginae,Sarcophaga,peregrina,,
Scatella_stagnalis,Diptera,Rachel_Behm,Arthropoda,Hexapoda,Insecta,,,Diptera,,,,Ephydridae,,Scatella,stagnalis,,
Scholastes_palmyra,Diptera,Matt_Bertone,Arthropoda,Hexapoda,Insecta,,,Diptera,,,,Platystomatidae,,Scholastes,palmyra,,
Siphunculina_striolata,Diptera,Matt_Bertone,Arthropoda,Hexapoda,Insecta,,,Diptera,,,,Chloropidae,,Siphunculina,striolata,,
Small_wings_striped_legs_fly,Diptera,Rachel_Behm,Arthropoda,Hexapoda,Insecta,,,Diptera,,,,,,Small_wings_striped_legs_fly,,,
Striped Ceratopogonid,Diptera,Rachel_Behm,Arthropoda,Hexapoda,Insecta,,,Diptera,,,,,,,,,
Styringomyia_didyma,Diptera,Matt_Bertone,Arthropoda,Hexapoda,Insecta,,,Diptera,,,,Limoniidae,,Styringomyia,didyma,,
Syritta_aenigmatopatria,Diptera,Matt_Bertone,Arthropoda,Hexapoda,Insecta,,,Diptera,,,,Syrphidae,Eristalinae,Syritta,aenigmatopatria,,
Thalassomya_setosipennis,Diptera,Rachel_Behm,Arthropoda,Hexapoda,Insecta,,,Diptera,,,,Chironomidae,,Thalassomya,setosipennis,,
Thin_cecidomyiid_spp,Diptera,Rachel_Behm,Arthropoda,Hexapoda,Insecta,,,Diptera,,,,,,,,,
Xenasteia_sp,Diptera,Matt_Bertone,Arthropoda,Hexapoda,Insecta,,,Diptera,,,,Xenasteiidae,,Xenasteia,sp1,,
Yellow_patterned_Dasyhelea,Diptera,Rachel_Behm,Arthropoda,Hexapoda,Insecta,,,Diptera,,,,,,,,,
Cardiocondyla_emeryi,Formicidae,Eli_Sarnat,Arthropoda,Hexapoda,Insecta,,,Hymenoptera,,,,Formicidae,Crematogastrini,Cardiocondyla,emeryi,,
Cardiocondyla_minutior,Formicidae,Eli_Sarnat,Arthropoda,Hexapoda,Insecta,,,Hymenoptera,,,,Formicidae,Crematogastrini,Cardiocondyla,minutior,,
Hypoponera_punctatissima,Formicidae,Eli_Sarnat,Arthropoda,Hexapoda,Insecta,,,Hymenoptera,,,,Formicidae,Ponerinae,Hypoponera,punctatissima,,
Monomorium_floricola,Formicidae,Eli_Sarnat,Arthropoda,Hexapoda,Insecta,,,Hymenoptera,,,,Formicidae,Myrmicinae,Monomorium,floricola,,
Nylanderia_bourbonica,Formicidae,Eli_Sarnat,Arthropoda,Hexapoda,Insecta,,,Hymenoptera,,,,Formicidae,Formicinae,Nylanderia,bourbonica,,
Nylanderia_vaga,Formicidae,Eli_Sarnat,Arthropoda,Hexapoda,Insecta,,,Hymenoptera,,,,Formicidae,Formicinae,Nylanderia,vaga,,
Strumigenys_emmae,Formicidae,,Arthropoda,Hexapoda,Insecta,,,Hymenoptera,,,,Formicidae,Myrmicinae,Strumigenys,emmae,,
Paratrenchina_longicornis,Formicidae,Eli_Sarnat,Arthropoda,Hexapoda,Insecta,,,Hymenoptera,,,,Formicidae,Formicinae,Paratrenchina,longicornis,,
Pheidole_megacephala,Formicidae,Eli_Sarnat,Arthropoda,Hexapoda,Insecta,,,Hymenoptera,,,,Formicidae,Myrmicinae,Pheidole,megacephala,,
Syllophopsis_sechellensis,Formicidae,Eli_Sarnat,Arthropoda,Hexapoda,Insecta,,,Hymenoptera,,,,Formicidae,Myrmicinae,Syllophopsis,sechellensis,,
Tapinoma_melanocephalum,Formicidae,Eli_Sarnat,Arthropoda,Hexapoda,Insecta,,,Hymenoptera,,,,Formicidae,Dolichoderinae,Tapinoma,melanocephalum,,
Tetramorium_bicarinatum,Formicidae,Eli_Sarnat,Arthropoda,Hexapoda,Insecta,,,Hymenoptera,,,,Formicidae,Myrmicinae,Tetramorium,bicarinatum,,
Aleurodicus_dispersus,Hemiptera,,Arthropoda,Hexapoda,Insecta,,,Hemiptera,Sternorrhyncha,,Aleyrodoidea,Aleyrodidae,,Aleurodicus,dispersus,,
Aphis_sp_1,Hemiptera,John_McLaughlin,Arthropoda,Hexapoda,Insecta,,,Hemiptera,,,Aphidoidea,Aphididae,,Aphis,,,
Brown_and_white_Nymph,Hemiptera,,Arthropoda,Hexapoda,Insecta,,,Hemiptera,,,,,,Brown_and_white_Nymph,,,
Plant_hopper_sp_1,Hemiptera,John_McLaughlin,Arthropoda,Hexapoda,Insecta,,,Hemiptera,Auchenorrhyncha,Fulgoromorpha,,,,Brown_back_hemi,,,
Emesinae_sp_1,Hemiptera,John_McLaughlin,Arthropoda,Hexapoda,Insecta,,,Hemiptera,,,Cimicomorpha,Reduviidae,Emesinae,Brown_striped_legs,,,
Geotomus_pygmaeus,Hemiptera,,Arthropoda,Hexapoda,Insecta,,,Hemiptera,,,,Cydnidae,,Geotomus_pygmaeus,,,
Emesinae_sp_2,Hemiptera,John_McLaughlin,Arthropoda,Hexapoda,Insecta,,,Hemiptera,,,Cimicomorpha,Reduviidae,Emesinae,Long_legged_hemi,,,
Lygaeidae_sp_1,Hemiptera,,Arthropoda,Hexapoda,Insecta,,,Hemiptera,Heteroptera,Pentatomorpha,Lygaeoidea,Lygaeidae,,Lygaeidae_sp1,,,
Trigonotylus_brevipes,Hemiptera,John_McLaughlin,Arthropoda,Hexapoda,Insecta,,,Hemiptera,,,,Miridae,,Yellow_stripe_hemi,,,
Aphytis_sp,Hymenoptera,Roger_Burks,Arthropoda,Hexapoda,Insecta,,,Hymenoptera,,,,Aphelinidae,,Aphytis,sp1,,
Aprostocetus_(Tetrastichodes)_hagenowii,Hymenoptera,Roger_Burks,Arthropoda,Hexapoda,Insecta,Pterygota,,Hymenoptera,Apocrita,Parasitoida,Chalcidoidea,Eulophidae,,Aprostocetus,hagenowii,,
Baryscapus_sp,Hymenoptera,Roger_Burks,Arthropoda,Hexapoda,Insecta,Pterygota,,Hymenoptera,Apocrita,Parasitoida,Chalcidoidea,Eulophidae,Tetrastichinae,Baryscapus,sp,,
Blepyrus_insularis,Hymenoptera,Roger_Burks,Arthropoda,Hexapoda,Insecta,,,Hymenoptera,,Parasitoida,Chalcidoidea,Encytridae,,Blepyrus,insularis,,
Calliscelio_elegans,Hymenoptera,Roger_Burks,Arthropoda,Hexapoda,Insecta,,,Hymenoptera,,,Platygastroidea,Platygastridae,,Calliscelio,elegans,,
Camptoptera_sp_1,Hymenoptera,Roger_Burks,Arthropoda,Hexapoda,Insecta,,,Hymenoptera,,,Chalcidoidea,Mymaridae,,Camptoptera_(Camptoptera),sp1,,
Zemicamptoptera_sp_1,Hymenoptera,Roger_Burks,Arthropoda,Hexapoda,Insecta,,,Hymenoptera,,,Chalcidoidea,Mymaridae,,Camptoptera_(Zemicamptoptera),sp2,,
Catolaccus_sp_1,Hymenoptera,Roger_Burks,,,,,,,,,Chalcidoidea,Pteromalidae,,Catolaccus,sp_1,,
Ceraphron_sp_1,Hymenoptera,Roger_Burks,Arthropoda,Hexapoda,Insecta,,,Hymenoptera,Apocrita,,Ceraphonoidea,Ceraphonidae,,Ceraphron,sp1,,
Chelonus_blackburni,Hymenoptera,Roger_Burks,Arthropoda,Hexapoda,Insecta,,,Hymenoptera,,,Ichneumonoidea,Braconidae,Cheloninae,Chelonus,blackburni,,
Coccophagus_ceroplastae,Hymenoptera,Roger_Burks,Arthropoda,Hexapoda,Insecta,,,Hymenoptera,Apocrita,Parasitoida,Chalcidoidea,Aphelinidae,Coccophaginae,Coccophagus,ceroplastae,,
Coccophagus_sp_1,Hymenoptera,Roger_Burks,Arthropoda,Hexapoda,Insecta,,,Hymenoptera,Apocrita,Parasitoida,Chalcidoidea,Aphelinidae,Coccophaginae,Coccophagus,sp1,,
Encarsia_citrina,Hymenoptera,Roger_Burks,Arthropoda,Hexapoda,Insecta,,,Hymenoptera,Apocrita,Parasitoida,Chalcidoidea,Aphelinidae,Coccophaginae,Encarsia,sp1,,
Encyrtidae_sp_1,Hymenoptera,Roger_Burks,Arthropoda,Hexapoda,Insecta,,,Hymenoptera,Apocrita,Parasitoida,Chalcidoidea,Encytridae,,Encyrtidae,sp1,,
Encyrtus_aurantii,Hymenoptera,Roger_Burks,Arthropoda,Hexapoda,Insecta,,,Hymenoptera,Apocrita,Parasitoida,Chalcidoidea,Encytridae,Encytrinae,Encyrtus,aurantii,,
Evania_appendigaster,Hymenoptera,Roger_Burks,Arthropoda,Hexapoda,Insecta,,,Hymenoptera,,,Evanioidea,Evaniidae,,Evania,appendigaster,,
Ganaspis_sp_1,Hymenoptera,Roger_Burks,Arthropoda,Hexapoda,Insecta,,,Hymenoptera,,,Cynipoidea,Figitidae,Eucoilinae,Ganaspis,sp1,,
Ganaspis_sp_2,Hymenoptera,Roger_Burks,Arthropoda,Hexapoda,Insecta,,,Hymenoptera,,,Cynipoidea,Figitidae,Eucoilinae,Ganaspis,sp2,,
Goniozus_sp,Hymenoptera,Roger_Burks,Arthropoda,Hexapoda,Insecta,,,Hymenoptera,,,Chrysidoidea,Bethylidae,Bethylinae,Goniozus,sp1,,
Gryon_sp_1,Hymenoptera,Roger_Burks,Arthropoda,Hexapoda,Insecta,,,Hymenoptera,Apocrita,,Platygastroidea,Platygastridae,Scelioninae,Gryon,sp1,,
Idris_sp_1,Hymenoptera,Roger_Burks,Arthropoda,Hexapoda,Insecta,,,Hymenoptera,,,Platygastroidea,Platygastridae,Scelioninae,Idris,sp1,,
Liris_sp_1,Hymenoptera,,,,,,,,,,,,,,,,
Megachile_fullawayi,Hymenoptera,Michelle_Lee,Arthropoda,Hexapoda,Insecta,,,Hymenoptera,,,Apoidea,Megachilidae,,Megachile,fullawayi,,
Megachilidae_sp_2,Hymenoptera,Michelle_Lee,,,,,,,,,,,,,,,
Hylaeus_strenuus,Hymenoptera,Michelle_Lee,,,,,,,,,,,,,,,
Carpenter_Bee,Hymenoptera,Michelle_Lee,,,,,,,,,,,,,,,
Melittobia_chalybii,Hymenoptera,John_Heraty,Arthropoda,Hexapoda,Insecta,,,Hymenoptera,Apocrita,Parasitoida,Chalcidoidea,Eulophidae,Tetrastichinae,Melittobia,chalybii,,
Metaphycus_flavus,Hymenoptera,John_Heraty,Arthropoda,Hexapoda,Insecta,,,Hymenoptera,Apocrita,Parasitoida,Chalcidoidea,Encytridae,Encyrtinae,Metaphycus,flavus,,
Microterys_nietneri,Hymenoptera,John_Heraty,Arthropoda,Hexapoda,Insecta,,,Hymenoptera,Apocrita,Parasitoida,Chalcidoidea,Encytridae,Encyrtinae,Microterys,nietneri,,
Moranila_californica,Hymenoptera,John_Heraty,Arthropoda,Hexapoda,Insecta,,,Hymenoptera,,,,Pteomalidae,Eunotinae,Moranila,californica,,
Mymarid_sp,Hymenoptera,thin-waisted mymarid,,,,,,Hymenoptera,,,,Mymaridae,,,,,
Mymaromma_sp_1,Hymenoptera,John_Heraty,Arthropoda,Hexapoda,Insecta,,,Hymenoptera,,,Mymarommatoidea,Mymarommatidae,,Mymaromma,sp1,,
Neocalosoter_sp_1,Hymenoptera,John_Heraty,Arthropoda,Hexapoda,Insecta,,,Hymenoptera,,,,Pteomalidae,Cerocephalinae,Neocalosoter,sp1,,
Neochrysocharis_sp_1,Hymenoptera,John_Heraty,Arthropoda,Hexapoda,Insecta,,,Hymenoptera,Apocrita,Parasitoida,Chalcidoidea,Eulophidae,Entedoninae,Neochrysocharis,sp1,,
Pachodynerus_nasidens,Hymenoptera,,Arthropoda,Hexapoda,Insecta,,,Hymenoptera,,,Vespoidea,Vespidae,Eumeninae,Pachodynerus,nasidens,,
Parapanteles_sp_1,Hymenoptera,John_Heraty,Arthropoda,Hexapoda,Insecta,,,Hymenoptera,,,,Braconidae,Microgastrinae,Parapanteles,sp1,,
Polistes_aurifer,Hymenoptera,John_Heraty,Arthropoda,Hexapoda,Insecta,,,Hymenoptera,,,Vespoidea,Vespidae,Polistinae,Polistes,aurifer,,
Probaryconus_sp_1,Hymenoptera,John_Heraty,Arthropoda,Hexapoda,Insecta,,,Hymenoptera,,,Platygastroidea,Scelionidae,,Probaryconus,sp1,,
Sceliphron_caementarium,Hymenoptera,,Arthropoda,Hexapoda,Insecta,,,Hymenoptera,,,,Sphecidae,Scheliphrinae,Sceliphron,caementarium,,
Sclerodermus_sp_1,Hymenoptera,John_Heraty,Arthropoda,Hexapoda,Insecta,,,Hymenoptera,Apocrita,Aculeata,Chalcidoidea,Bethylidae,,Sclerodermus,sp1,,
Sierola_sp_1,Hymenoptera,John_Heraty,Arthropoda,Hexapoda,Insecta,,,Hymenoptera,Apocrita,Aculeata,Chalcidoidea,Bethylidae,Bethylinae,Sierola,sp1,,
Telenomus_sp_1,Hymenoptera,John_Heraty,Arthropoda,Hexapoda,Insecta,,,Hymenoptera,Apocrita,,Platygastroidea,Platygastridae,Telenominae,Telenomus,sp1,,
Very_Dark_Scelionidae,Hymenoptera,,Arthropoda,Hexapoda,Insecta,,,Hymenoptera,,,,,,,,,
Alloniscus_oahuensis,Isopoda,Stefano_Taiti,Arthropoda,Crustacea,Malacostraca,,Peracarida,Isopoda,Oniscidea,,,Alloniscidae,,Alloniscus,oahuensis,,
Anchiphiloscia_pilosa,Isopoda,Stefano_Taiti,Arthropoda,Crustacea,Malacostraca,,Peracarida,Isopoda,Oniscidea,Ligiamorpha,Oniscoidea,Philosciidae,,Anchiphiloscia,pilosa,,
Cubaris_n_sp_1,Isopoda,Stefano_Taiti,Arthropoda,Crustacea,Malacostraca,,Peracarida,Isopoda,Oniscidea,,,Armadillidae,,Cubris,n_sp,,
Hybodillo_n_sp_1,Isopoda,Stefano_Taiti,Arthropoda,Crustacea,Malacostraca,,Peracarida,Isopoda,Oniscidea,,,Armadillidae,,Hybodillo,n_sp,,
Ligia_vitiensis,Isopoda,Stefano_Taiti,Arthropoda,Crustacea,Malacostraca,,Peracarida,Isopoda,Oniscidea,,,Ligiidae,,Ligia,vitiensis,,
Littorphiloscia_sp_1,Isopoda,Stefano_Taiti,Arthropoda,Crustacea,Malacostraca,,Peracarida,Isopoda,Oniscidea,Ligiamorpha,Oniscoidea,Philosciidae,,Littorphiloscia,sp1,,
Littorphiloscia_sp_2,Isopoda,Stefano_Taiti,Arthropoda,Crustacea,Malacostraca,,Peracarida,Isopoda,Oniscidea,Ligiamorpha,Oniscoidea,Philosciidae,,Littorphiloscia,sp2,,
Nagurus_sundaicus,Isopoda,Stefano_Taiti,Arthropoda,Crustacea,Malacostraca,,Peracarida,Isopoda,Oniscidea,,,Tracheliopodidae,,Nagurus,sundaicus,,
Reductoniscus_costulatus,Isopoda,Stefano_Taiti,Arthropoda,Crustacea,Malacostraca,,Peracarida,Isopoda,Oniscidea,,,Armadillidae,,Reductoniscus,costulatus,,
Coprotermes_formosanus,Isoptera,,Arthropoda,Hexapoda,Insecta,,,Blattodea,,,,Rhinotermitidae,Coptotermitinae,Coptotermes,formosanus,,
Agonoxena_argaula,Lepidoptera,,Arthropoda,Hexapoda,Insecta,,,Lepidoptera,,,,Agonoxenidae,,Agonoxena,argaula,,
Anatrachyntis_incertulella,Lepidoptera,,Arthropoda,Hexapoda,Insecta,,,Lepidoptera,,,,Cosmopterigidae,,Anatrachyntis,incertulella,,
Erechthias_simulans,Lepidoptera,,Arthropoda,Hexapoda,Insecta,,,Lepidoptera,,,,Tineidae,,Erechthias,simulans,,
Ketapangia_leucochorda,Lepidoptera,Kobayashi_Shigeki,Arthropoda,Hexapoda,Insecta,,,Lepidoptera,,Heteroneura,,Gracillaridae,,Ketapangia,leucochorda,,
Opogona_aurisquamosa,Lepidoptera,,Arthropoda,Hexapoda,Insecta,,,Lepidoptera,,,,Tineidae,,Opogona,aurisquamosa,,
Piletocera_signiferalis,Lepidoptera,,Arthropoda,Hexapoda,Insecta,,,Lepidoptera,,,,Crambidae,,Piletocera,signiferalis,,
Spodoptera_litura,Lepidoptera,,Arthropoda,Hexapoda,Insecta,,,Lepidoptera,,,,Noctuidae,,Spodoptera,litura,,
Stoeberhinus_testaceus,Lepidoptera,,Arthropoda,Hexapoda,Insecta,,,Lepidoptera,,,,Autostichidae,,Stoeberhinus,testaceus,,
Allopeas_sp_1,Mollusca,Rebecca_Rundell,Mollusca,,Gastropoda,,,,,,Achatinoidea,Achatinidae,Subulininae,Allopea,gracile,,
Elasmius_apertum,Mollusca,Rebecca_Rundell,Mollusca,,Gastropoda,,,,,,,Elasmidae,,Elasmius,apertum,,
Gastropecta_sp_1,Mollusca,Rebecca_Rundell,Mollusca,,Gastropoda,,,,,,,,,Gastropecta,servilis,,
Lamellidea_oblonga,Mollusca,Rebecca_Rundell,Mollusca,,Gastropoda,,,,,,Achatinoidea,Achatinidae,,Lamellidea,oblonga,,
Lamellidea_pusilla,Mollusca,Rebecca_Rundell,Mollusca,,Gastropoda,,,,,,Achatinoidea,Achatinidae,,Lamellidea,pusilla,,
Melampus_luteus,Mollusca,Rebecca_Rundell,Mollusca,,Gastropoda,,,Ellobida,,,Ellobioidea,Ellobiidae,Melampodinae,Melampus,luteus,,
Omphalotropis_sp_1,Mollusca,Rebecca_Rundell,Mollusca,,Gastropoda,,,,,,Rissooidea,Assimineidae,Omphalotropidinae,Omphalotropis,sp1,,
Opeas_hennense,Mollusca,Rebecca_Rundell,Mollusca,,Gastropoda,,,,,,Achatinoidea,Achatinidae,Opeatinae,Opeas,hennense,,
Pupoidopsis_hawaiiensis,Mollusca,Rebecca_Rundell,Mollusca,,Gastropoda,Heterobranchia,Eupulmonata,Stylommatophora,Helicina,Pupilloidei,Pupilloidei,Pupillidae,Pupoidinae,Pupoidopsis,hawaiiensis,,
Truncatella_guerinii,Mollusca,Rebecca_Rundell,Mollusca,,Gastropoda,,,,,,Rissooidea,Truncatellidae,Truncatellinae,Truncatella,guerinii,,
Mastophorus_muris,Nematoda,Kevin_Lafferty,Nematoda,,Secernentea,,,Spirurida,,,,Spiruridae,,Mastophorus,muris,,Extinct
Anax_junius,Odonata,Dan_Gruner,Arthropoda,Hexapoda,Insecta,,,Odonata,Anisoptera,,,Aeshnidae,,Anax,junius,,
Crocothemis_servilla,Odonata,Dan_Gruner,Arthropoda,Hexapoda,Insecta,,,Odonata,Anisoptera,,,Libellulidae,,Crocothemis,servilla,,
Ischnura_aurora,Odonata,Dan_Gruner,Arthropoda,Hexapoda,Insecta,,,Odonata,Zygoptera,,,Coenagrionidae,,Ischnura,aurora,,
Pantala_flavescens,Odonata,Dan_Gruner,Arthropoda,Hexapoda,Insecta,,,Odonata,Anisoptera,,,Libellulidae,,Pantala,flavescens,,
Atractomorpha_sinensis,Orthoptera,Dan__Otte,Arthropoda,Hexapoda,Insecta,,,Orthoptera,Caelifera,,,Pyrgomorphidae,Pyrgomorphinae,Atractomorpha,sinensis,,
Conoccephalus_saltator,Orthoptera,Dan__Otte,Arthropoda,Hexapoda,Insecta,,,Orthoptera,Ensifera,,Tettigonioidea,Tettigonidae,,Conoccephalus,saltator,,
Myrmecophilus_sp_1,Orthoptera,Sam_Heads,Arthropoda,Hexapoda,Insecta,,,Orthoptera,Ensifera,,,Myrmecophilidae,,Myrmecophilus,sp1,,
Ornebius_n_sp_1,Orthoptera,Dan_Otte,Arthropoda,Hexapoda,Insecta,,,Orthoptera,,,Grylloidea,Mogoplistidae,Mogoplistinae,Ornebius,sp1,,
Oxya_japonica,Orthoptera,Dan_Otte,Arthropoda,Hexapoda,Insecta,,,Orthoptera,,,Acridoidea,Acrididae,,Oxya,japonica,,
Phisis_holdhausi,Orthoptera,Dan_Otte,Arthropoda,Hexapoda,Insecta,,,Orthoptera,,,Tettigonioidea,Tettigonidae,,Phisis,holdhausi,,
Speonemobius_tigrinus,Orthoptera,,Arthropoda,Hexapoda,Insecta,,,Orthoptera,,,,Trigonidiidae,Nemobiinae,Speonemobius,tigrinus,,
Teleogryllus_oceanicus,Orthoptera,Dan_Otte,Arthropoda,Hexapoda,Insecta,,,Orthoptera,Ensifera,,Grylloidea,Gryllidae,Gryllinae,Teleogryllus,oceanicus,,
Unknown_long_cerci,Orthoptera,,Arthropoda,Hexapoda,Insecta,,,Orthoptera,,,,,,Unknown_long_cerci,,,
Cyptophania_marginata,Psocoptera,Kazunori_Yoshizawa,Arthropoda,Hexapoda,Insecta,Pterygota,,Psocodea,Trogiomorpha,Atropetae,,Lepidopsocidae,,Cyptophania,marginata,,
Echmepteryx_lunulata,Psocoptera,Kazunori_Yoshizawa,Arthropoda,Hexapoda,Insecta,Pterygota,,Psocodea,Trogiomorpha,Atropetae,,Lepidopsocidae,,Echmepteryx,lunulata,,
Echmepteryx_madagascariensis,Psocoptera,Kazunori_Yoshizawa,Arthropoda,Hexapoda,Insecta,Pterygota,,Psocodea,Trogiomorpha,Atropetae,,Lepidopsocidae,,Echmepteryx,madagascariensis,,
Ectopsocus_denervus,Psocoptera,Kazunori_Yoshizawa,Arthropoda,Hexapoda,Insecta,Pterygota,,Psocodea,Psocomorpha,Homilopsocidea,,Ectopsocidae,,Ectopsocus,denervus,,
Ectopsocus_spilotus,Psocoptera,Kazunori_Yoshizawa,Arthropoda,Hexapoda,Insecta,Pterygota,,Psocodea,Psocomorpha,Homilopsocidea,,Ectopsocidae,,Ectopsocus,spilotus,,
Ectopsocus_thysanus,Psocoptera,Kazunori_Yoshizawa,Arthropoda,Hexapoda,Insecta,Pterygota,,Psocodea,Psocomorpha,Homilopsocidea,,Ectopsocidae,,Ectopsocus,thysanus,,
Heterocaecilius_dybasi,Psocoptera,Kazunori_Yoshizawa,Arthropoda,Hexapoda,Insecta,Pterygota,,Psocodea,,,,Pseudocaecilidae,,Heterocaecilius,dybasi,,
Lepidopsocus_maculatus,Psocoptera,Kazunori_Yoshizawa,Arthropoda,Hexapoda,Insecta,Pterygota,,Psocodea,Trogiomorpha,Atropetae,,Lepidopsocidae,Lepidopsocinae,Lepidopsocus,maculatus,,
Lepidopsocus_pallidus,Psocoptera,Kazunori_Yoshizawa,Arthropoda,Hexapoda,Insecta,Pterygota,,Psocodea,Trogiomorpha,Atropetae,,Lepidopsocidae,Lepidopsocinae,Lepidopsocus,pallidus,,
Liposcelis_sp,Psocoptera,Kazunori_Yoshizawa,Arthropoda,Hexapoda,Insecta,Pterygota,,Psocodea,,,,Liposcelididae,,Liposcelis,sp1,,
Peripsocus_sp,Psocoptera,Kazunori_Yoshizawa,Arthropoda,Hexapoda,Insecta,Pterygota,,Psocodea,,,,Peripsocidae,,Peripsocus,sp1,,
Pseudocaecilius_citricola,Psocoptera,Kazunori_Yoshizawa,Arthropoda,Hexapoda,Insecta,Pterygota,,Psocodea,,,,Pseudocaecilidae,,Pseudocaecilius,citricola,,
Valenzuela_kraussi,Psocoptera,Kazunori_Yoshizawa,Arthropoda,Hexapoda,Insecta,Pterygota,,Psocodea,,,,Ceaciliusidae,Caeciliusinae,Valenzuela,kraussi,,
Valenzuela_leuroceps,Psocoptera,Kazunori_Yoshizawa,Arthropoda,Hexapoda,Insecta,Pterygota,,Psocodea,,,,Ceaciliusidae,Caeciliusinae,Valenzuela,leuroceps,,
Isometrus_maculatus,Scorpion,,Arthropoda,Chelicerata,Arachnida,,,Scorpiones,,,,Buthidae,,Isometrus,maculatus,,
Silverfish,Silverfish,,Arthropoda,,Insecta,,,Zygentoma,,,,Lepismatidae,,,,,
Terrestrial_Leech,Terrestrial_Leech,,Annelida,Clitellata,Hirudinea,,,,,,,,,,,,
Aleurodothrips_fasciapennis,Thysanoptera,Manfred_Ulitzka,Arthropoda,Hexapoda,Insecta,,,Thsysanoptera,,,,Phlaeothripidae,,Aleurodothrips,fasciapennis,,
Chaetanaphothrips_orchidii,Thysanoptera,Manfred_Ulitzka,Arthropoda,Hexapoda,Insecta,,,Thsysanoptera,,,,Thripidae,,Chaetanaphothrips,orchidii,,
Haplothrips_gowdeyi,Thysanoptera,Manfred_Ulitzka,Arthropoda,Hexapoda,Insecta,,,Thsysanoptera,,,,Phlaeothripidae,Phlaeothripinae,Haplothrips,gowdeyi,,
Haplothrips_williamsi,Thysanoptera,Manfred_Ulitzka,Arthropoda,Hexapoda,Insecta,,,Thsysanoptera,,,,Phlaeothripidae,Phlaeothripinae,Haplothrips,williamsi,,
Karnyothrips_flavipes,Thysanoptera,Manfred_Ulitzka,Arthropoda,Hexapoda,Insecta,,,Thsysanoptera,,,,Phlaeothripidae,Phlaeothripinae,Karnyothrips,flavipes,,
Karnyothrips_melaleucus,Thysanoptera,Manfred_Ulitzka,Arthropoda,Hexapoda,Insecta,,,Thsysanoptera,,,,Phlaeothripidae,Phlaeothripinae,Karnyothrips,melaleucus,,
Leucothrips_piercei,Thysanoptera,Manfred_Ulitzka,Arthropoda,Hexapoda,Insecta,,,Thsysanoptera,,,,Thripidae,,Leucothrips,piercei,,
Merothrips_floridensis,Thysanoptera,Manfred_Ulitzka,Arthropoda,Hexapoda,Insecta,,,Thsysanoptera,,,,Merothripidae,,Merothrips,floridensis,,
Projectothrips_palmyrae,Thysanoptera,Manfred_Ulitzka,Arthropoda,Hexapoda,Insecta,,,Thsysanoptera,,,,Thripidae,Thripinae,Projectothrips,palmyrae,,
Selenothrips_rubrocinctus,Thysanoptera,Manfred_Ulitzka,Arthropoda,Hexapoda,Insecta,,,Thsysanoptera,,,,Thripidae,,Selenothrips,rubrocinctus,,
Thrips_hawaiiensis,Thysanoptera,Manfred_Ulitzka,Arthropoda,Hexapoda,Insecta,,,Thsysanoptera,,,,Thripidae,Thripinae,Thrips,hawaiiensis,,