pred_Class,pred_Order,pred_Family,pred_Genus,pred_Species,pred_ID,sample_str
Arachnida,Araneae,Sparassidae,Heteropoda,Heteropoda venatoria,Heteropoda venatoria,HEV
Arachnida,Araneae,Araneidae,Neoscona,Neoscona theisi,Neoscona theisi,NEO
Arachnida,Araneae,Scytodidae,Scytodes,Scytodes longipes,Scytodes longipes,SCY
Chilopoda,Geophilomorpha,,,,Geophilomorpha,CEN
Insecta,Orthoptera,Tettigoniidae,Phisis,Phisis holdhausi,Phisis holdhausi,PHH
Arachnida,Araneae,Pholcidae,Smeringopus,Smeringopus pallidus,Smeringopus pallidus,SME
Insecta,Dermaptera,Anisolabididae,Euborellia,Euborellia annulipes,Euborellia annulipes,EUB
Insecta,Odonata,Libellulidae,Pantala,Pantala flavescens,Pantala flavescens,PAN
Arachnida,Araneae,Theridiidae,Keijia,Keijia mneon,Keijia mneon,LRS